<annotation>
	<folder>engaged</folder>
	<filename>155.jpg</filename>
	<path>C:\Users\prinraj\Downloads\trolley\engaged\155.jpg</path>
	<source>
		<database>Unknown</database>
	</source>
	<size>
		<width>1500</width>
		<height>1120</height>
		<depth>3</depth>
	</size>
	<segmented>0</segmented>
	<object>
		<name>EngTrolley</name>
		<pose>Unspecified</pose>
		<truncated>0</truncated>
		<difficult>0</difficult>
		<bndbox>
			<xmin>493</xmin>
			<ymin>799</ymin>
			<xmax>618</xmax>
			<ymax>929</ymax>
		</bndbox>
	</object>
</annotation>
