<annotation>
	<folder>engaged</folder>
	<filename>156.jpg</filename>
	<path>C:\Users\prinraj\Downloads\trolley\engaged\156.jpg</path>
	<source>
		<database>Unknown</database>
	</source>
	<size>
		<width>1300</width>
		<height>867</height>
		<depth>3</depth>
	</size>
	<segmented>0</segmented>
	<object>
		<name>EngTrolley</name>
		<pose>Unspecified</pose>
		<truncated>0</truncated>
		<difficult>0</difficult>
		<bndbox>
			<xmin>312</xmin>
			<ymin>383</ymin>
			<xmax>562</xmax>
			<ymax>798</ymax>
		</bndbox>
	</object>
</annotation>
