<annotation>
	<folder>engaged</folder>
	<filename>157.jpg</filename>
	<path>C:\Users\prinraj\Downloads\trolley\engaged\157.jpg</path>
	<source>
		<database>Unknown</database>
	</source>
	<size>
		<width>259</width>
		<height>194</height>
		<depth>3</depth>
	</size>
	<segmented>0</segmented>
	<object>
		<name>EngTrolley</name>
		<pose>Unspecified</pose>
		<truncated>0</truncated>
		<difficult>0</difficult>
		<bndbox>
			<xmin>35</xmin>
			<ymin>58</ymin>
			<xmax>122</xmax>
			<ymax>193</ymax>
		</bndbox>
	</object>
	<object>
		<name>EngTrolley</name>
		<pose>Unspecified</pose>
		<truncated>0</truncated>
		<difficult>0</difficult>
		<bndbox>
			<xmin>146</xmin>
			<ymin>71</ymin>
			<xmax>234</xmax>
			<ymax>193</ymax>
		</bndbox>
	</object>
</annotation>
