<annotation>
	<folder>engaged</folder>
	<filename>159.jpg</filename>
	<path>C:\Users\prinraj\Downloads\trolley\engaged\159.jpg</path>
	<source>
		<database>Unknown</database>
	</source>
	<size>
		<width>640</width>
		<height>480</height>
		<depth>3</depth>
	</size>
	<segmented>0</segmented>
	<object>
		<name>EngTrolley</name>
		<pose>Unspecified</pose>
		<truncated>1</truncated>
		<difficult>0</difficult>
		<bndbox>
			<xmin>1</xmin>
			<ymin>344</ymin>
			<xmax>57</xmax>
			<ymax>457</ymax>
		</bndbox>
	</object>
	<object>
		<name>EngTrolley</name>
		<pose>Unspecified</pose>
		<truncated>0</truncated>
		<difficult>0</difficult>
		<bndbox>
			<xmin>322</xmin>
			<ymin>334</ymin>
			<xmax>400</xmax>
			<ymax>443</ymax>
		</bndbox>
	</object>
</annotation>
