<annotation>
	<folder>engaged</folder>
	<filename>166.jpg</filename>
	<path>C:\Users\prinraj\Downloads\trolley\engaged\166.jpg</path>
	<source>
		<database>Unknown</database>
	</source>
	<size>
		<width>435</width>
		<height>315</height>
		<depth>3</depth>
	</size>
	<segmented>0</segmented>
	<object>
		<name>EngTrolley</name>
		<pose>Unspecified</pose>
		<truncated>0</truncated>
		<difficult>0</difficult>
		<bndbox>
			<xmin>106</xmin>
			<ymin>223</ymin>
			<xmax>230</xmax>
			<ymax>314</ymax>
		</bndbox>
	</object>
	<object>
		<name>EngTrolley</name>
		<pose>Unspecified</pose>
		<truncated>0</truncated>
		<difficult>0</difficult>
		<bndbox>
			<xmin>230</xmin>
			<ymin>190</ymin>
			<xmax>308</xmax>
			<ymax>301</ymax>
		</bndbox>
	</object>
</annotation>
