<annotation>
	<folder>engaged</folder>
	<filename>168.jpg</filename>
	<path>C:\Users\prinraj\Downloads\trolley\engaged\168.jpg</path>
	<source>
		<database>Unknown</database>
	</source>
	<size>
		<width>634</width>
		<height>872</height>
		<depth>3</depth>
	</size>
	<segmented>0</segmented>
	<object>
		<name>EngTrolley</name>
		<pose>Unspecified</pose>
		<truncated>0</truncated>
		<difficult>0</difficult>
		<bndbox>
			<xmin>78</xmin>
			<ymin>283</ymin>
			<xmax>351</xmax>
			<ymax>835</ymax>
		</bndbox>
	</object>
</annotation>
