<annotation>
	<folder>engaged</folder>
	<filename>171.jpg</filename>
	<path>C:\Users\prinraj\Downloads\trolley\engaged\171.jpg</path>
	<source>
		<database>Unknown</database>
	</source>
	<size>
		<width>634</width>
		<height>868</height>
		<depth>3</depth>
	</size>
	<segmented>0</segmented>
	<object>
		<name>EngTrolley</name>
		<pose>Unspecified</pose>
		<truncated>0</truncated>
		<difficult>0</difficult>
		<bndbox>
			<xmin>134</xmin>
			<ymin>235</ymin>
			<xmax>593</xmax>
			<ymax>840</ymax>
		</bndbox>
	</object>
</annotation>
