<annotation>
	<folder>engaged</folder>
	<filename>181.jpg</filename>
	<path>C:\Users\prinraj\Downloads\trolley\engaged\181.jpg</path>
	<source>
		<database>Unknown</database>
	</source>
	<size>
		<width>640</width>
		<height>426</height>
		<depth>3</depth>
	</size>
	<segmented>0</segmented>
	<object>
		<name>EngTrolley</name>
		<pose>Unspecified</pose>
		<truncated>0</truncated>
		<difficult>0</difficult>
		<bndbox>
			<xmin>200</xmin>
			<ymin>11</ymin>
			<xmax>536</xmax>
			<ymax>362</ymax>
		</bndbox>
	</object>
</annotation>
