<annotation>
	<folder>engaged</folder>
	<filename>182.jpg</filename>
	<path>C:\Users\prinraj\Downloads\trolley\engaged\182.jpg</path>
	<source>
		<database>Unknown</database>
	</source>
	<size>
		<width>1200</width>
		<height>630</height>
		<depth>3</depth>
	</size>
	<segmented>0</segmented>
	<object>
		<name>EngTrolley</name>
		<pose>Unspecified</pose>
		<truncated>0</truncated>
		<difficult>0</difficult>
		<bndbox>
			<xmin>434</xmin>
			<ymin>49</ymin>
			<xmax>871</xmax>
			<ymax>573</ymax>
		</bndbox>
	</object>
</annotation>
