<annotation>
	<folder>engaged</folder>
	<filename>191.jpg</filename>
	<path>C:\Users\prinraj\Downloads\trolley\engaged\191.jpg</path>
	<source>
		<database>Unknown</database>
	</source>
	<size>
		<width>640</width>
		<height>480</height>
		<depth>3</depth>
	</size>
	<segmented>0</segmented>
	<object>
		<name>EngTrolley</name>
		<pose>Unspecified</pose>
		<truncated>0</truncated>
		<difficult>0</difficult>
		<bndbox>
			<xmin>118</xmin>
			<ymin>124</ymin>
			<xmax>383</xmax>
			<ymax>477</ymax>
		</bndbox>
	</object>
</annotation>
