<annotation>
	<folder>engaged trolley</folder>
	<filename>110.jpg</filename>
	<path>C:\Users\prinraj\Downloads\trolley\engaged trolley\110.jpg</path>
	<source>
		<database>Unknown</database>
	</source>
	<size>
		<width>768</width>
		<height>1024</height>
		<depth>3</depth>
	</size>
	<segmented>0</segmented>
	<object>
		<name>EngTrolley</name>
		<pose>Unspecified</pose>
		<truncated>0</truncated>
		<difficult>0</difficult>
		<bndbox>
			<xmin>438</xmin>
			<ymin>609</ymin>
			<xmax>655</xmax>
			<ymax>969</ymax>
		</bndbox>
	</object>
	<object>
		<name>EngTrolley</name>
		<pose>Unspecified</pose>
		<truncated>1</truncated>
		<difficult>0</difficult>
		<bndbox>
			<xmin>639</xmin>
			<ymin>566</ymin>
			<xmax>768</xmax>
			<ymax>813</ymax>
		</bndbox>
	</object>
</annotation>
