<annotation>
	<folder>engaged trolley</folder>
	<filename>111.jpg</filename>
	<path>C:\Users\prinraj\Downloads\trolley\engaged trolley\111.jpg</path>
	<source>
		<database>Unknown</database>
	</source>
	<size>
		<width>3264</width>
		<height>2448</height>
		<depth>3</depth>
	</size>
	<segmented>0</segmented>
	<object>
		<name>EngTrolley</name>
		<pose>Unspecified</pose>
		<truncated>0</truncated>
		<difficult>0</difficult>
		<bndbox>
			<xmin>164</xmin>
			<ymin>92</ymin>
			<xmax>2227</xmax>
			<ymax>2377</ymax>
		</bndbox>
	</object>
</annotation>
