<annotation>
	<folder>engaged trolley</folder>
	<filename>112.jpg</filename>
	<path>C:\Users\prinraj\Downloads\trolley\engaged trolley\112.jpg</path>
	<source>
		<database>Unknown</database>
	</source>
	<size>
		<width>702</width>
		<height>335</height>
		<depth>3</depth>
	</size>
	<segmented>0</segmented>
	<object>
		<name>EngTrolley</name>
		<pose>Unspecified</pose>
		<truncated>0</truncated>
		<difficult>0</difficult>
		<bndbox>
			<xmin>53</xmin>
			<ymin>174</ymin>
			<xmax>212</xmax>
			<ymax>332</ymax>
		</bndbox>
	</object>
	<object>
		<name>EngTrolley</name>
		<pose>Unspecified</pose>
		<truncated>0</truncated>
		<difficult>0</difficult>
		<bndbox>
			<xmin>288</xmin>
			<ymin>124</ymin>
			<xmax>513</xmax>
			<ymax>334</ymax>
		</bndbox>
	</object>
</annotation>
