<annotation>
	<folder>engaged trolley</folder>
	<filename>113.jpg</filename>
	<path>C:\Users\prinraj\Downloads\trolley\engaged trolley\113.jpg</path>
	<source>
		<database>Unknown</database>
	</source>
	<size>
		<width>960</width>
		<height>777</height>
		<depth>3</depth>
	</size>
	<segmented>0</segmented>
	<object>
		<name>EngTrolley</name>
		<pose>Unspecified</pose>
		<truncated>0</truncated>
		<difficult>0</difficult>
		<bndbox>
			<xmin>439</xmin>
			<ymin>62</ymin>
			<xmax>893</xmax>
			<ymax>668</ymax>
		</bndbox>
	</object>
</annotation>
