<annotation>
	<folder>engaged trolley</folder>
	<filename>114.jpg</filename>
	<path>C:\Users\prinraj\Downloads\trolley\engaged trolley\114.jpg</path>
	<source>
		<database>Unknown</database>
	</source>
	<size>
		<width>1300</width>
		<height>821</height>
		<depth>3</depth>
	</size>
	<segmented>0</segmented>
	<object>
		<name>EngTrolley</name>
		<pose>Unspecified</pose>
		<truncated>0</truncated>
		<difficult>0</difficult>
		<bndbox>
			<xmin>134</xmin>
			<ymin>377</ymin>
			<xmax>500</xmax>
			<ymax>728</ymax>
		</bndbox>
	</object>
	<object>
		<name>EngTrolley</name>
		<pose>Unspecified</pose>
		<truncated>0</truncated>
		<difficult>0</difficult>
		<bndbox>
			<xmin>869</xmin>
			<ymin>306</ymin>
			<xmax>988</xmax>
			<ymax>554</ymax>
		</bndbox>
	</object>
	<object>
		<name>StackTrolley</name>
		<pose>Unspecified</pose>
		<truncated>0</truncated>
		<difficult>0</difficult>
		<bndbox>
			<xmin>754</xmin>
			<ymin>297</ymin>
			<xmax>849</xmax>
			<ymax>326</ymax>
		</bndbox>
	</object>
	<object>
		<name>StackTrolley</name>
		<pose>Unspecified</pose>
		<truncated>0</truncated>
		<difficult>0</difficult>
		<bndbox>
			<xmin>723</xmin>
			<ymin>285</ymin>
			<xmax>803</xmax>
			<ymax>317</ymax>
		</bndbox>
	</object>
	<object>
		<name>StackTrolley</name>
		<pose>Unspecified</pose>
		<truncated>0</truncated>
		<difficult>0</difficult>
		<bndbox>
			<xmin>699</xmin>
			<ymin>283</ymin>
			<xmax>803</xmax>
			<ymax>313</ymax>
		</bndbox>
	</object>
	<object>
		<name>StackTrolley</name>
		<pose>Unspecified</pose>
		<truncated>0</truncated>
		<difficult>0</difficult>
		<bndbox>
			<xmin>670</xmin>
			<ymin>280</ymin>
			<xmax>770</xmax>
			<ymax>309</ymax>
		</bndbox>
	</object>
	<object>
		<name>EngTrolley</name>
		<pose>Unspecified</pose>
		<truncated>0</truncated>
		<difficult>0</difficult>
		<bndbox>
			<xmin>484</xmin>
			<ymin>280</ymin>
			<xmax>647</xmax>
			<ymax>461</ymax>
		</bndbox>
	</object>
	<object>
		<name>StackTrolley</name>
		<pose>Unspecified</pose>
		<truncated>0</truncated>
		<difficult>0</difficult>
		<bndbox>
			<xmin>601</xmin>
			<ymin>270</ymin>
			<xmax>729</xmax>
			<ymax>291</ymax>
		</bndbox>
	</object>
</annotation>
