<annotation>
	<folder>engaged trolley</folder>
	<filename>115.jpg</filename>
	<path>C:\Users\prinraj\Downloads\trolley\engaged trolley\115.jpg</path>
	<source>
		<database>Unknown</database>
	</source>
	<size>
		<width>1279</width>
		<height>850</height>
		<depth>3</depth>
	</size>
	<segmented>0</segmented>
	<object>
		<name>EngTrolley</name>
		<pose>Unspecified</pose>
		<truncated>0</truncated>
		<difficult>0</difficult>
		<bndbox>
			<xmin>338</xmin>
			<ymin>428</ymin>
			<xmax>941</xmax>
			<ymax>644</ymax>
		</bndbox>
	</object>
	<object>
		<name>StackTrolley</name>
		<pose>Unspecified</pose>
		<truncated>0</truncated>
		<difficult>0</difficult>
		<bndbox>
			<xmin>351</xmin>
			<ymin>592</ymin>
			<xmax>1192</xmax>
			<ymax>847</ymax>
		</bndbox>
	</object>
</annotation>
