<annotation>
	<folder>engaged trolley</folder>
	<filename>116.jpg</filename>
	<path>C:\Users\prinraj\Downloads\trolley\engaged trolley\116.jpg</path>
	<source>
		<database>Unknown</database>
	</source>
	<size>
		<width>292</width>
		<height>172</height>
		<depth>3</depth>
	</size>
	<segmented>0</segmented>
	<object>
		<name>EngTrolley</name>
		<pose>Unspecified</pose>
		<truncated>0</truncated>
		<difficult>0</difficult>
		<bndbox>
			<xmin>91</xmin>
			<ymin>72</ymin>
			<xmax>183</xmax>
			<ymax>171</ymax>
		</bndbox>
	</object>
	<object>
		<name>EngTrolley</name>
		<pose>Unspecified</pose>
		<truncated>0</truncated>
		<difficult>0</difficult>
		<bndbox>
			<xmin>200</xmin>
			<ymin>74</ymin>
			<xmax>263</xmax>
			<ymax>141</ymax>
		</bndbox>
	</object>
</annotation>
