<annotation>
	<folder>engaged trolley</folder>
	<filename>117.jpg</filename>
	<path>C:\Users\prinraj\Downloads\trolley\engaged trolley\117.jpg</path>
	<source>
		<database>Unknown</database>
	</source>
	<size>
		<width>588</width>
		<height>295</height>
		<depth>3</depth>
	</size>
	<segmented>0</segmented>
	<object>
		<name>EngTrolley</name>
		<pose>Unspecified</pose>
		<truncated>0</truncated>
		<difficult>0</difficult>
		<bndbox>
			<xmin>318</xmin>
			<ymin>97</ymin>
			<xmax>463</xmax>
			<ymax>279</ymax>
		</bndbox>
	</object>
</annotation>
