<annotation>
	<folder>engaged trolley</folder>
	<filename>119.jpg</filename>
	<path>C:\Users\prinraj\Downloads\trolley\engaged trolley\119.jpg</path>
	<source>
		<database>Unknown</database>
	</source>
	<size>
		<width>1024</width>
		<height>677</height>
		<depth>3</depth>
	</size>
	<segmented>0</segmented>
	<object>
		<name>EngTrolley</name>
		<pose>Unspecified</pose>
		<truncated>0</truncated>
		<difficult>0</difficult>
		<bndbox>
			<xmin>316</xmin>
			<ymin>420</ymin>
			<xmax>437</xmax>
			<ymax>581</ymax>
		</bndbox>
	</object>
</annotation>
