<annotation>
	<folder>engaged trolley</folder>
	<filename>120.jpg</filename>
	<path>C:\Users\prinraj\Downloads\trolley\engaged trolley\120.jpg</path>
	<source>
		<database>Unknown</database>
	</source>
	<size>
		<width>1300</width>
		<height>956</height>
		<depth>3</depth>
	</size>
	<segmented>0</segmented>
	<object>
		<name>EngTrolley</name>
		<pose>Unspecified</pose>
		<truncated>0</truncated>
		<difficult>0</difficult>
		<bndbox>
			<xmin>211</xmin>
			<ymin>427</ymin>
			<xmax>540</xmax>
			<ymax>865</ymax>
		</bndbox>
	</object>
</annotation>
