<annotation>
	<folder>engaged trolley</folder>
	<filename>123.jpg</filename>
	<path>C:\Users\prinraj\Downloads\trolley\engaged trolley\123.jpg</path>
	<source>
		<database>Unknown</database>
	</source>
	<size>
		<width>750</width>
		<height>482</height>
		<depth>3</depth>
	</size>
	<segmented>0</segmented>
	<object>
		<name>EngTrolley</name>
		<pose>Unspecified</pose>
		<truncated>0</truncated>
		<difficult>0</difficult>
		<bndbox>
			<xmin>455</xmin>
			<ymin>293</ymin>
			<xmax>529</xmax>
			<ymax>405</ymax>
		</bndbox>
	</object>
	<object>
		<name>EngTrolley</name>
		<pose>Unspecified</pose>
		<truncated>0</truncated>
		<difficult>0</difficult>
		<bndbox>
			<xmin>376</xmin>
			<ymin>295</ymin>
			<xmax>456</xmax>
			<ymax>420</ymax>
		</bndbox>
	</object>
	<object>
		<name>EngTrolley</name>
		<pose>Unspecified</pose>
		<truncated>0</truncated>
		<difficult>0</difficult>
		<bndbox>
			<xmin>66</xmin>
			<ymin>296</ymin>
			<xmax>145</xmax>
			<ymax>436</ymax>
		</bndbox>
	</object>
	<object>
		<name>EngTrolley</name>
		<pose>Unspecified</pose>
		<truncated>0</truncated>
		<difficult>0</difficult>
		<bndbox>
			<xmin>531</xmin>
			<ymin>289</ymin>
			<xmax>619</xmax>
			<ymax>382</ymax>
		</bndbox>
	</object>
	<object>
		<name>EngTrolley</name>
		<pose>Unspecified</pose>
		<truncated>0</truncated>
		<difficult>0</difficult>
		<bndbox>
			<xmin>195</xmin>
			<ymin>312</ymin>
			<xmax>307</xmax>
			<ymax>478</ymax>
		</bndbox>
	</object>
	<object>
		<name>EngTrolley</name>
		<pose>Unspecified</pose>
		<truncated>0</truncated>
		<difficult>0</difficult>
		<bndbox>
			<xmin>331</xmin>
			<ymin>271</ymin>
			<xmax>384</xmax>
			<ymax>352</ymax>
		</bndbox>
	</object>
</annotation>
