<annotation>
	<folder>engaged trolley</folder>
	<filename>124.jpg</filename>
	<path>C:\Users\prinraj\Downloads\trolley\engaged trolley\124.jpg</path>
	<source>
		<database>Unknown</database>
	</source>
	<size>
		<width>1300</width>
		<height>954</height>
		<depth>3</depth>
	</size>
	<segmented>0</segmented>
	<object>
		<name>EngTrolley</name>
		<pose>Unspecified</pose>
		<truncated>0</truncated>
		<difficult>0</difficult>
		<bndbox>
			<xmin>179</xmin>
			<ymin>427</ymin>
			<xmax>456</xmax>
			<ymax>849</ymax>
		</bndbox>
	</object>
	<object>
		<name>EngTrolley</name>
		<pose>Unspecified</pose>
		<truncated>0</truncated>
		<difficult>0</difficult>
		<bndbox>
			<xmin>850</xmin>
			<ymin>444</ymin>
			<xmax>1100</xmax>
			<ymax>748</ymax>
		</bndbox>
	</object>
</annotation>
