<annotation>
	<folder>engaged trolley</folder>
	<filename>125.jpg</filename>
	<path>C:\Users\prinraj\Downloads\trolley\engaged trolley\125.jpg</path>
	<source>
		<database>Unknown</database>
	</source>
	<size>
		<width>1300</width>
		<height>956</height>
		<depth>3</depth>
	</size>
	<segmented>0</segmented>
	<object>
		<name>EngTrolley</name>
		<pose>Unspecified</pose>
		<truncated>0</truncated>
		<difficult>0</difficult>
		<bndbox>
			<xmin>137</xmin>
			<ymin>527</ymin>
			<xmax>297</xmax>
			<ymax>725</ymax>
		</bndbox>
	</object>
	<object>
		<name>EngTrolley</name>
		<pose>Unspecified</pose>
		<truncated>0</truncated>
		<difficult>0</difficult>
		<bndbox>
			<xmin>440</xmin>
			<ymin>502</ymin>
			<xmax>571</xmax>
			<ymax>708</ymax>
		</bndbox>
	</object>
	<object>
		<name>EngTrolley</name>
		<pose>Unspecified</pose>
		<truncated>0</truncated>
		<difficult>0</difficult>
		<bndbox>
			<xmin>284</xmin>
			<ymin>505</ymin>
			<xmax>422</xmax>
			<ymax>687</ymax>
		</bndbox>
	</object>
</annotation>
