<annotation>
	<folder>engaged trolley</folder>
	<filename>126.jpg</filename>
	<path>C:\Users\prinraj\Downloads\trolley\engaged trolley\126.jpg</path>
	<source>
		<database>Unknown</database>
	</source>
	<size>
		<width>1300</width>
		<height>956</height>
		<depth>3</depth>
	</size>
	<segmented>0</segmented>
	<object>
		<name>EngTrolley</name>
		<pose>Unspecified</pose>
		<truncated>0</truncated>
		<difficult>0</difficult>
		<bndbox>
			<xmin>142</xmin>
			<ymin>527</ymin>
			<xmax>275</xmax>
			<ymax>717</ymax>
		</bndbox>
	</object>
	<object>
		<name>EngTrolley</name>
		<pose>Unspecified</pose>
		<truncated>0</truncated>
		<difficult>0</difficult>
		<bndbox>
			<xmin>303</xmin>
			<ymin>495</ymin>
			<xmax>421</xmax>
			<ymax>683</ymax>
		</bndbox>
	</object>
	<object>
		<name>EngTrolley</name>
		<pose>Unspecified</pose>
		<truncated>0</truncated>
		<difficult>0</difficult>
		<bndbox>
			<xmin>450</xmin>
			<ymin>506</ymin>
			<xmax>589</xmax>
			<ymax>702</ymax>
		</bndbox>
	</object>
</annotation>
