<annotation>
	<folder>engaged trolley</folder>
	<filename>127.jpg</filename>
	<path>C:\Users\prinraj\Downloads\trolley\engaged trolley\127.jpg</path>
	<source>
		<database>Unknown</database>
	</source>
	<size>
		<width>800</width>
		<height>600</height>
		<depth>3</depth>
	</size>
	<segmented>0</segmented>
	<object>
		<name>EngTrolley</name>
		<pose>Unspecified</pose>
		<truncated>1</truncated>
		<difficult>0</difficult>
		<bndbox>
			<xmin>197</xmin>
			<ymin>332</ymin>
			<xmax>800</xmax>
			<ymax>598</ymax>
		</bndbox>
	</object>
	<object>
		<name>EngTrolley</name>
		<pose>Unspecified</pose>
		<truncated>0</truncated>
		<difficult>0</difficult>
		<bndbox>
			<xmin>59</xmin>
			<ymin>90</ymin>
			<xmax>321</xmax>
			<ymax>431</ymax>
		</bndbox>
	</object>
</annotation>
