<annotation>
	<folder>engaged trolley</folder>
	<filename>130.jpg</filename>
	<path>C:\Users\prinraj\Downloads\trolley\engaged trolley\130.jpg</path>
	<source>
		<database>Unknown</database>
	</source>
	<size>
		<width>640</width>
		<height>480</height>
		<depth>3</depth>
	</size>
	<segmented>0</segmented>
	<object>
		<name>EngTrolley</name>
		<pose>Unspecified</pose>
		<truncated>0</truncated>
		<difficult>0</difficult>
		<bndbox>
			<xmin>159</xmin>
			<ymin>158</ymin>
			<xmax>443</xmax>
			<ymax>472</ymax>
		</bndbox>
	</object>
</annotation>
