<annotation>
	<folder>engaged</folder>
	<filename>151.jpg</filename>
	<path>C:\Users\prinraj\Downloads\trolley\engaged\151.jpg</path>
	<source>
		<database>Unknown</database>
	</source>
	<size>
		<width>1300</width>
		<height>866</height>
		<depth>3</depth>
	</size>
	<segmented>0</segmented>
	<object>
		<name>EngTrolley</name>
		<pose>Unspecified</pose>
		<truncated>0</truncated>
		<difficult>0</difficult>
		<bndbox>
			<xmin>204</xmin>
			<ymin>261</ymin>
			<xmax>622</xmax>
			<ymax>850</ymax>
		</bndbox>
	</object>
</annotation>
