<annotation>
	<folder>engaged</folder>
	<filename>158.jpg</filename>
	<path>C:\Users\prinraj\Downloads\trolley\engaged\158.jpg</path>
	<source>
		<database>Unknown</database>
	</source>
	<size>
		<width>0</width>
		<height>0</height>
		<depth>3</depth>
	</size>
	<segmented>0</segmented>
	<object>
		<name>EngTrolley</name>
		<pose>Unspecified</pose>
		<truncated>0</truncated>
		<difficult>0</difficult>
		<bndbox>
			<xmin>175</xmin>
			<ymin>89</ymin>
			<xmax>260</xmax>
			<ymax>218</ymax>
		</bndbox>
	</object>
	<object>
		<name>EngTrolley</name>
		<pose>Unspecified</pose>
		<truncated>0</truncated>
		<difficult>0</difficult>
		<bndbox>
			<xmin>297</xmin>
			<ymin>105</ymin>
			<xmax>413</xmax>
			<ymax>260</ymax>
		</bndbox>
	</object>
	<object>
		<name>EngTrolley</name>
		<pose>Unspecified</pose>
		<truncated>0</truncated>
		<difficult>0</difficult>
		<bndbox>
			<xmin>431</xmin>
			<ymin>125</ymin>
			<xmax>559</xmax>
			<ymax>272</ymax>
		</bndbox>
	</object>
	<object>
		<name>EngTrolley</name>
		<pose>Unspecified</pose>
		<truncated>0</truncated>
		<difficult>0</difficult>
		<bndbox>
			<xmin>101</xmin>
			<ymin>95</ymin>
			<xmax>163</xmax>
			<ymax>187</ymax>
		</bndbox>
	</object>
	<object>
		<name>EngTrolley</name>
		<pose>Unspecified</pose>
		<truncated>0</truncated>
		<difficult>0</difficult>
		<bndbox>
			<xmin>31</xmin>
			<ymin>83</ymin>
			<xmax>87</xmax>
			<ymax>166</ymax>
		</bndbox>
	</object>
</annotation>
