<annotation>
	<folder>engaged</folder>
	<filename>160.jpg</filename>
	<path>C:\Users\prinraj\Downloads\trolley\engaged\160.jpg</path>
	<source>
		<database>Unknown</database>
	</source>
	<size>
		<width>650</width>
		<height>500</height>
		<depth>3</depth>
	</size>
	<segmented>0</segmented>
	<object>
		<name>EngTrolley</name>
		<pose>Unspecified</pose>
		<truncated>0</truncated>
		<difficult>0</difficult>
		<bndbox>
			<xmin>3</xmin>
			<ymin>196</ymin>
			<xmax>228</xmax>
			<ymax>492</ymax>
		</bndbox>
	</object>
	<object>
		<name>EngTrolley</name>
		<pose>Unspecified</pose>
		<truncated>0</truncated>
		<difficult>0</difficult>
		<bndbox>
			<xmin>257</xmin>
			<ymin>170</ymin>
			<xmax>467</xmax>
			<ymax>499</ymax>
		</bndbox>
	</object>
</annotation>
