<annotation>
	<folder>engaged</folder>
	<filename>162.jpg</filename>
	<path>C:\Users\prinraj\Downloads\trolley\engaged\162.jpg</path>
	<source>
		<database>Unknown</database>
	</source>
	<size>
		<width>0</width>
		<height>0</height>
		<depth>3</depth>
	</size>
	<segmented>0</segmented>
	<object>
		<name>EngTrolley</name>
		<pose>Unspecified</pose>
		<truncated>0</truncated>
		<difficult>0</difficult>
		<bndbox>
			<xmin>210</xmin>
			<ymin>54</ymin>
			<xmax>359</xmax>
			<ymax>242</ymax>
		</bndbox>
	</object>
</annotation>
