<annotation>
	<folder>engaged</folder>
	<filename>163.jpg</filename>
	<path>C:\Users\prinraj\Downloads\trolley\engaged\163.jpg</path>
	<source>
		<database>Unknown</database>
	</source>
	<size>
		<width>0</width>
		<height>0</height>
		<depth>3</depth>
	</size>
	<segmented>0</segmented>
	<object>
		<name>EngTrolley</name>
		<pose>Unspecified</pose>
		<truncated>0</truncated>
		<difficult>0</difficult>
		<bndbox>
			<xmin>186</xmin>
			<ymin>222</ymin>
			<xmax>326</xmax>
			<ymax>426</ymax>
		</bndbox>
	</object>
	<object>
		<name>EngTrolley</name>
		<pose>Unspecified</pose>
		<truncated>0</truncated>
		<difficult>0</difficult>
		<bndbox>
			<xmin>385</xmin>
			<ymin>217</ymin>
			<xmax>563</xmax>
			<ymax>462</ymax>
		</bndbox>
	</object>
</annotation>
