<annotation>
	<folder>engaged</folder>
	<filename>164.jpg</filename>
	<path>C:\Users\prinraj\Downloads\trolley\engaged\164.jpg</path>
	<source>
		<database>Unknown</database>
	</source>
	<size>
		<width>779</width>
		<height>438</height>
		<depth>3</depth>
	</size>
	<segmented>0</segmented>
	<object>
		<name>EngTrolley</name>
		<pose>Unspecified</pose>
		<truncated>0</truncated>
		<difficult>0</difficult>
		<bndbox>
			<xmin>412</xmin>
			<ymin>205</ymin>
			<xmax>610</xmax>
			<ymax>431</ymax>
		</bndbox>
	</object>
	<object>
		<name>EngTrolley</name>
		<pose>Unspecified</pose>
		<truncated>0</truncated>
		<difficult>0</difficult>
		<bndbox>
			<xmin>157</xmin>
			<ymin>153</ymin>
			<xmax>277</xmax>
			<ymax>344</ymax>
		</bndbox>
	</object>
</annotation>
