<annotation verified="yes">
	<folder>engaged</folder>
	<filename>167.jpg</filename>
	<path>C:\Users\prinraj\Downloads\trolley\engaged\167.jpg</path>
	<source>
		<database>Unknown</database>
	</source>
	<size>
		<width>468</width>
		<height>316</height>
		<depth>3</depth>
	</size>
	<segmented>0</segmented>
	<object>
		<name>EngTrolley</name>
		<pose>Unspecified</pose>
		<truncated>0</truncated>
		<difficult>0</difficult>
		<bndbox>
			<xmin>142</xmin>
			<ymin>116</ymin>
			<xmax>333</xmax>
			<ymax>311</ymax>
		</bndbox>
	</object>
</annotation>
