<annotation>
	<folder>engaged</folder>
	<filename>173.jpg</filename>
	<path>C:\Users\prinraj\Downloads\trolley\engaged\173.jpg</path>
	<source>
		<database>Unknown</database>
	</source>
	<size>
		<width>533</width>
		<height>788</height>
		<depth>3</depth>
	</size>
	<segmented>0</segmented>
	<object>
		<name>EngTrolley</name>
		<pose>Unspecified</pose>
		<truncated>0</truncated>
		<difficult>0</difficult>
		<bndbox>
			<xmin>146</xmin>
			<ymin>232</ymin>
			<xmax>381</xmax>
			<ymax>753</ymax>
		</bndbox>
	</object>
</annotation>
