<annotation>
	<folder>engaged</folder>
	<filename>177.jpg</filename>
	<path>C:\Users\prinraj\Downloads\trolley\engaged\177.jpg</path>
	<source>
		<database>Unknown</database>
	</source>
	<size>
		<width>945</width>
		<height>671</height>
		<depth>3</depth>
	</size>
	<segmented>0</segmented>
	<object>
		<name>EngTrolley</name>
		<pose>Unspecified</pose>
		<truncated>0</truncated>
		<difficult>0</difficult>
		<bndbox>
			<xmin>14</xmin>
			<ymin>411</ymin>
			<xmax>191</xmax>
			<ymax>623</ymax>
		</bndbox>
	</object>
	<object>
		<name>EngTrolley</name>
		<pose>Unspecified</pose>
		<truncated>0</truncated>
		<difficult>0</difficult>
		<bndbox>
			<xmin>185</xmin>
			<ymin>425</ymin>
			<xmax>342</xmax>
			<ymax>605</ymax>
		</bndbox>
	</object>
	<object>
		<name>EngTrolley</name>
		<pose>Unspecified</pose>
		<truncated>0</truncated>
		<difficult>0</difficult>
		<bndbox>
			<xmin>342</xmin>
			<ymin>441</ymin>
			<xmax>463</xmax>
			<ymax>611</ymax>
		</bndbox>
	</object>
	<object>
		<name>EngTrolley</name>
		<pose>Unspecified</pose>
		<truncated>0</truncated>
		<difficult>0</difficult>
		<bndbox>
			<xmin>468</xmin>
			<ymin>441</ymin>
			<xmax>608</xmax>
			<ymax>612</ymax>
		</bndbox>
	</object>
	<object>
		<name>EngTrolley</name>
		<pose>Unspecified</pose>
		<truncated>0</truncated>
		<difficult>0</difficult>
		<bndbox>
			<xmin>610</xmin>
			<ymin>442</ymin>
			<xmax>759</xmax>
			<ymax>603</ymax>
		</bndbox>
	</object>
	<object>
		<name>EngTrolley</name>
		<pose>Unspecified</pose>
		<truncated>0</truncated>
		<difficult>0</difficult>
		<bndbox>
			<xmin>763</xmin>
			<ymin>435</ymin>
			<xmax>901</xmax>
			<ymax>603</ymax>
		</bndbox>
	</object>
</annotation>
