<annotation>
	<folder>engaged</folder>
	<filename>179.jpg</filename>
	<path>C:\Users\prinraj\Downloads\trolley\engaged\179.jpg</path>
	<source>
		<database>Unknown</database>
	</source>
	<size>
		<width>620</width>
		<height>413</height>
		<depth>3</depth>
	</size>
	<segmented>0</segmented>
	<object>
		<name>EngTrolley</name>
		<pose>Unspecified</pose>
		<truncated>0</truncated>
		<difficult>0</difficult>
		<bndbox>
			<xmin>246</xmin>
			<ymin>186</ymin>
			<xmax>486</xmax>
			<ymax>406</ymax>
		</bndbox>
	</object>
</annotation>
