<annotation>
	<folder>engaged</folder>
	<filename>187.jpg</filename>
	<path>C:\Users\prinraj\Downloads\trolley\engaged\187.jpg</path>
	<source>
		<database>Unknown</database>
	</source>
	<size>
		<width>960</width>
		<height>540</height>
		<depth>3</depth>
	</size>
	<segmented>0</segmented>
	<object>
		<name>EngTrolley</name>
		<pose>Unspecified</pose>
		<truncated>0</truncated>
		<difficult>0</difficult>
		<bndbox>
			<xmin>409</xmin>
			<ymin>343</ymin>
			<xmax>577</xmax>
			<ymax>537</ymax>
		</bndbox>
	</object>
</annotation>
