<annotation>
	<folder>engaged trolley</folder>
	<filename>84.jpg</filename>
	<path>C:\Users\prinraj\Downloads\trolley\engaged trolley\84.jpg</path>
	<source>
		<database>Unknown</database>
	</source>
	<size>
		<width>852</width>
		<height>480</height>
		<depth>3</depth>
	</size>
	<segmented>0</segmented>
	<object>
		<name>EngTrolley</name>
		<pose>Unspecified</pose>
		<truncated>0</truncated>
		<difficult>0</difficult>
		<bndbox>
			<xmin>268</xmin>
			<ymin>186</ymin>
			<xmax>343</xmax>
			<ymax>295</ymax>
		</bndbox>
	</object>
	<object>
		<name>EngTrolley</name>
		<pose>Unspecified</pose>
		<truncated>0</truncated>
		<difficult>0</difficult>
		<bndbox>
			<xmin>122</xmin>
			<ymin>337</ymin>
			<xmax>225</xmax>
			<ymax>476</ymax>
		</bndbox>
	</object>
</annotation>
