<annotation>
	<folder>engaged trolley</folder>
	<filename>86.jpg</filename>
	<path>C:\Users\prinraj\Downloads\trolley\engaged trolley\86.jpg</path>
	<source>
		<database>Unknown</database>
	</source>
	<size>
		<width>4608</width>
		<height>2112</height>
		<depth>3</depth>
	</size>
	<segmented>0</segmented>
	<object>
		<name>EngTrolley</name>
		<pose>Unspecified</pose>
		<truncated>0</truncated>
		<difficult>0</difficult>
		<bndbox>
			<xmin>1184</xmin>
			<ymin>859</ymin>
			<xmax>1884</xmax>
			<ymax>1242</ymax>
		</bndbox>
	</object>
</annotation>
