<annotation>
	<folder>engaged trolley</folder>
	<filename>90.jpg</filename>
	<path>C:\Users\prinraj\Downloads\trolley\engaged trolley\90.jpg</path>
	<source>
		<database>Unknown</database>
	</source>
	<size>
		<width>4608</width>
		<height>2112</height>
		<depth>3</depth>
	</size>
	<segmented>0</segmented>
	<object>
		<name>EngTrolley</name>
		<pose>Unspecified</pose>
		<truncated>0</truncated>
		<difficult>0</difficult>
		<bndbox>
			<xmin>288</xmin>
			<ymin>133</ymin>
			<xmax>2671</xmax>
			<ymax>2099</ymax>
		</bndbox>
	</object>
</annotation>
