<annotation>
	<folder>engaged trolley</folder>
	<filename>96.jpg</filename>
	<path>C:\Users\prinraj\Downloads\trolley\engaged trolley\96.jpg</path>
	<source>
		<database>Unknown</database>
	</source>
	<size>
		<width>975</width>
		<height>568</height>
		<depth>3</depth>
	</size>
	<segmented>0</segmented>
	<object>
		<name>EngTrolley</name>
		<pose>Unspecified</pose>
		<truncated>1</truncated>
		<difficult>0</difficult>
		<bndbox>
			<xmin>221</xmin>
			<ymin>238</ymin>
			<xmax>521</xmax>
			<ymax>568</ymax>
		</bndbox>
	</object>
</annotation>
