<annotation>
	<folder>engaged</folder>
	<filename>152.jpg</filename>
	<path>C:\Users\prinraj\Downloads\trolley\engaged\152.jpg</path>
	<source>
		<database>Unknown</database>
	</source>
	<size>
		<width>615</width>
		<height>696</height>
		<depth>3</depth>
	</size>
	<segmented>0</segmented>
	<object>
		<name>EngTrolley</name>
		<pose>Unspecified</pose>
		<truncated>0</truncated>
		<difficult>0</difficult>
		<bndbox>
			<xmin>214</xmin>
			<ymin>305</ymin>
			<xmax>604</xmax>
			<ymax>635</ymax>
		</bndbox>
	</object>
</annotation>
