<annotation>
	<folder>engaged</folder>
	<filename>153.jpg</filename>
	<path>C:\Users\prinraj\Downloads\trolley\engaged\153.jpg</path>
	<source>
		<database>Unknown</database>
	</source>
	<size>
		<width>500</width>
		<height>375</height>
		<depth>3</depth>
	</size>
	<segmented>0</segmented>
	<object>
		<name>EngTrolley</name>
		<pose>Unspecified</pose>
		<truncated>0</truncated>
		<difficult>0</difficult>
		<bndbox>
			<xmin>192</xmin>
			<ymin>91</ymin>
			<xmax>372</xmax>
			<ymax>323</ymax>
		</bndbox>
	</object>
</annotation>
