<annotation>
	<folder>engaged</folder>
	<filename>161.jpg</filename>
	<path>C:\Users\prinraj\Downloads\trolley\engaged\161.jpg</path>
	<source>
		<database>Unknown</database>
	</source>
	<size>
		<width>690</width>
		<height>518</height>
		<depth>3</depth>
	</size>
	<segmented>0</segmented>
	<object>
		<name>EngTrolley</name>
		<pose>Unspecified</pose>
		<truncated>1</truncated>
		<difficult>0</difficult>
		<bndbox>
			<xmin>1</xmin>
			<ymin>363</ymin>
			<xmax>82</xmax>
			<ymax>517</ymax>
		</bndbox>
	</object>
	<object>
		<name>EngTrolley</name>
		<pose>Unspecified</pose>
		<truncated>0</truncated>
		<difficult>0</difficult>
		<bndbox>
			<xmin>220</xmin>
			<ymin>389</ymin>
			<xmax>314</xmax>
			<ymax>516</ymax>
		</bndbox>
	</object>
</annotation>
