<annotation>
	<folder>engaged</folder>
	<filename>170.jpg</filename>
	<path>C:\Users\prinraj\Downloads\trolley\engaged\170.jpg</path>
	<source>
		<database>Unknown</database>
	</source>
	<size>
		<width>634</width>
		<height>398</height>
		<depth>3</depth>
	</size>
	<segmented>0</segmented>
	<object>
		<name>EngTrolley</name>
		<pose>Unspecified</pose>
		<truncated>0</truncated>
		<difficult>0</difficult>
		<bndbox>
			<xmin>385</xmin>
			<ymin>244</ymin>
			<xmax>482</xmax>
			<ymax>394</ymax>
		</bndbox>
	</object>
	<object>
		<name>EngTrolley</name>
		<pose>Unspecified</pose>
		<truncated>0</truncated>
		<difficult>0</difficult>
		<bndbox>
			<xmin>187</xmin>
			<ymin>235</ymin>
			<xmax>266</xmax>
			<ymax>344</ymax>
		</bndbox>
	</object>
	<object>
		<name>EngTrolley</name>
		<pose>Unspecified</pose>
		<truncated>0</truncated>
		<difficult>0</difficult>
		<bndbox>
			<xmin>279</xmin>
			<ymin>221</ymin>
			<xmax>342</xmax>
			<ymax>308</ymax>
		</bndbox>
	</object>
</annotation>
