<annotation>
	<folder>engaged</folder>
	<filename>172.jpg</filename>
	<path>C:\Users\prinraj\Downloads\trolley\engaged\172.jpg</path>
	<source>
		<database>Unknown</database>
	</source>
	<size>
		<width>634</width>
		<height>539</height>
		<depth>3</depth>
	</size>
	<segmented>0</segmented>
	<object>
		<name>EngTrolley</name>
		<pose>Unspecified</pose>
		<truncated>0</truncated>
		<difficult>0</difficult>
		<bndbox>
			<xmin>78</xmin>
			<ymin>168</ymin>
			<xmax>251</xmax>
			<ymax>506</ymax>
		</bndbox>
	</object>
	<object>
		<name>EngTrolley</name>
		<pose>Unspecified</pose>
		<truncated>0</truncated>
		<difficult>0</difficult>
		<bndbox>
			<xmin>261</xmin>
			<ymin>194</ymin>
			<xmax>402</xmax>
			<ymax>445</ymax>
		</bndbox>
	</object>
</annotation>
