<annotation>
	<folder>engaged</folder>
	<filename>174.jpg</filename>
	<path>C:\Users\prinraj\Downloads\trolley\engaged\174.jpg</path>
	<source>
		<database>Unknown</database>
	</source>
	<size>
		<width>1300</width>
		<height>952</height>
		<depth>3</depth>
	</size>
	<segmented>0</segmented>
	<object>
		<name>EngTrolley</name>
		<pose>Unspecified</pose>
		<truncated>0</truncated>
		<difficult>0</difficult>
		<bndbox>
			<xmin>404</xmin>
			<ymin>595</ymin>
			<xmax>471</xmax>
			<ymax>674</ymax>
		</bndbox>
	</object>
	<object>
		<name>EngTrolley</name>
		<pose>Unspecified</pose>
		<truncated>0</truncated>
		<difficult>0</difficult>
		<bndbox>
			<xmin>720</xmin>
			<ymin>417</ymin>
			<xmax>762</xmax>
			<ymax>473</ymax>
		</bndbox>
	</object>
</annotation>
