<annotation>
	<folder>engaged</folder>
	<filename>175.jpg</filename>
	<path>C:\Users\prinraj\Downloads\trolley\engaged\175.jpg</path>
	<source>
		<database>Unknown</database>
	</source>
	<size>
		<width>1500</width>
		<height>1125</height>
		<depth>3</depth>
	</size>
	<segmented>0</segmented>
	<object>
		<name>EngTrolley</name>
		<pose>Unspecified</pose>
		<truncated>0</truncated>
		<difficult>0</difficult>
		<bndbox>
			<xmin>866</xmin>
			<ymin>658</ymin>
			<xmax>963</xmax>
			<ymax>804</ymax>
		</bndbox>
	</object>
	<object>
		<name>EngTrolley</name>
		<pose>Unspecified</pose>
		<truncated>0</truncated>
		<difficult>0</difficult>
		<bndbox>
			<xmin>113</xmin>
			<ymin>781</ymin>
			<xmax>300</xmax>
			<ymax>1051</ymax>
		</bndbox>
	</object>
	<object>
		<name>EngTrolley</name>
		<pose>Unspecified</pose>
		<truncated>0</truncated>
		<difficult>0</difficult>
		<bndbox>
			<xmin>506</xmin>
			<ymin>691</ymin>
			<xmax>641</xmax>
			<ymax>909</ymax>
		</bndbox>
	</object>
	<object>
		<name>EngTrolley</name>
		<pose>Unspecified</pose>
		<truncated>0</truncated>
		<difficult>0</difficult>
		<bndbox>
			<xmin>310</xmin>
			<ymin>731</ymin>
			<xmax>428</xmax>
			<ymax>945</ymax>
		</bndbox>
	</object>
</annotation>
