<annotation>
	<folder>engaged</folder>
	<filename>178.jpg</filename>
	<path>C:\Users\prinraj\Downloads\trolley\engaged\178.jpg</path>
	<source>
		<database>Unknown</database>
	</source>
	<size>
		<width>1600</width>
		<height>1062</height>
		<depth>3</depth>
	</size>
	<segmented>0</segmented>
	<object>
		<name>EngTrolley</name>
		<pose>Unspecified</pose>
		<truncated>0</truncated>
		<difficult>0</difficult>
		<bndbox>
			<xmin>532</xmin>
			<ymin>23</ymin>
			<xmax>1082</xmax>
			<ymax>994</ymax>
		</bndbox>
	</object>
</annotation>
