<annotation>
	<folder>engaged</folder>
	<filename>183.jpg</filename>
	<path>C:\Users\prinraj\Downloads\trolley\engaged\183.jpg</path>
	<source>
		<database>Unknown</database>
	</source>
	<size>
		<width>1300</width>
		<height>958</height>
		<depth>3</depth>
	</size>
	<segmented>0</segmented>
	<object>
		<name>EngTrolley</name>
		<pose>Unspecified</pose>
		<truncated>1</truncated>
		<difficult>0</difficult>
		<bndbox>
			<xmin>210</xmin>
			<ymin>1</ymin>
			<xmax>678</xmax>
			<ymax>776</ymax>
		</bndbox>
	</object>
</annotation>
