<annotation>
	<folder>engaged</folder>
	<filename>184.jpg</filename>
	<path>C:\Users\prinraj\Downloads\trolley\engaged\184.jpg</path>
	<source>
		<database>Unknown</database>
	</source>
	<size>
		<width>1600</width>
		<height>1167</height>
		<depth>3</depth>
	</size>
	<segmented>0</segmented>
	<object>
		<name>EngTrolley</name>
		<pose>Unspecified</pose>
		<truncated>0</truncated>
		<difficult>0</difficult>
		<bndbox>
			<xmin>1370</xmin>
			<ymin>561</ymin>
			<xmax>1582</xmax>
			<ymax>772</ymax>
		</bndbox>
	</object>
	<object>
		<name>EngTrolley</name>
		<pose>Unspecified</pose>
		<truncated>0</truncated>
		<difficult>0</difficult>
		<bndbox>
			<xmin>480</xmin>
			<ymin>539</ymin>
			<xmax>536</xmax>
			<ymax>622</ymax>
		</bndbox>
	</object>
</annotation>
