<annotation>
	<folder>engaged</folder>
	<filename>186.jpg</filename>
	<path>C:\Users\prinraj\Downloads\trolley\engaged\186.jpg</path>
	<source>
		<database>Unknown</database>
	</source>
	<size>
		<width>274</width>
		<height>184</height>
		<depth>3</depth>
	</size>
	<segmented>0</segmented>
	<object>
		<name>EngTrolley</name>
		<pose>Unspecified</pose>
		<truncated>0</truncated>
		<difficult>0</difficult>
		<bndbox>
			<xmin>30</xmin>
			<ymin>62</ymin>
			<xmax>85</xmax>
			<ymax>152</ymax>
		</bndbox>
	</object>
</annotation>
