<annotation>
	<folder>engaged</folder>
	<filename>189.jpg</filename>
	<path>C:\Users\prinraj\Downloads\trolley\engaged\189.jpg</path>
	<source>
		<database>Unknown</database>
	</source>
	<size>
		<width>450</width>
		<height>320</height>
		<depth>3</depth>
	</size>
	<segmented>0</segmented>
	<object>
		<name>EngTrolley</name>
		<pose>Unspecified</pose>
		<truncated>0</truncated>
		<difficult>0</difficult>
		<bndbox>
			<xmin>189</xmin>
			<ymin>118</ymin>
			<xmax>345</xmax>
			<ymax>289</ymax>
		</bndbox>
	</object>
</annotation>
